method,build_time_s,build_time_std,distance_computations,skipped_computations,skip_rate,recall@10,speedup_vs_vanilla
C++ Vanilla,1.2420907020568848,0.004152582174295061,23862683,0,0.0,0.7389999999999999,1.0
C++ Universal τ=0.5,0.8680954774220785,0.009340129028778336,2306348,17731570,0.8849008165419182,0.5720000000000001,1.4308226852482095
C++ Universal τ=0.6,1.4434359868367512,0.07451829472823517,5715789,17076749,0.7492254263215443,0.6870000000000002,0.8605097235928634
C++ Universal τ=0.7,1.4461029370625813,0.05530347074663574,5715789,17076749,0.7492254263215443,0.6870000000000002,0.8589227434804195
C++ Universal τ=0.8,1.7008121013641357,0.026753506728867567,9093545,14098951,0.6079100326243454,0.714,0.7302927237292505
C++ Online frac=0.2,1.345442533493042,0.005701589539619643,6542922,16468845,0.7156705958303854,0.6630000000000003,0.9231837638075594
C++ Online frac=0.3,1.3454173405965169,0.006055563251580181,7836009,15363585,0.662235080493219,0.6800000000000002,0.9232010503939095
C++ Online frac=0.5,1.3414184252421062,0.020275718622976627,11469482,12103133,0.5134404053177808,0.687,0.9259532139143726
