{
  "sift1m": {
    "vanilla_1t": {
      "build_time": 375.1745903491974,
      "recalls": {
        "R@1_ef50": 0.9619,
        "R@10_ef50": 0.94667,
        "R@100_ef50": 0.923564,
        "R@1_ef100": 0.9852,
        "R@10_ef100": 0.98296,
        "R@100_ef100": 0.923564,
        "R@1_ef200": 0.9918,
        "R@10_ef200": 0.99551,
        "R@100_ef200": 0.977204
      }
    },
    "alpha_1.5": {
      "alpha": 1.5,
      "build_time": 30.44403314590454,
      "distance_computations": 40534401,
      "skipped_computations": 377825538,
      "skip_rate": 0.9031111795816569,
      "recalls": {
        "R@1_ef50": 0.529,
        "R@10_ef50": 0.48774,
        "R@100_ef50": 0.500136,
        "R@1_ef100": 0.6431,
        "R@10_ef100": 0.60909,
        "R@100_ef100": 0.500136,
        "R@1_ef200": 0.7564,
        "R@10_ef200": 0.72727,
        "R@100_ef200": 0.630115
      }
    },
    "alpha_2.0": {
      "alpha": 2.0,
      "build_time": 93.09305596351624,
      "distance_computations": 143300448,
      "skipped_computations": 1312990914,
      "skip_rate": 0.9015990537750646,
      "recalls": {
        "R@1_ef50": 0.8285,
        "R@10_ef50": 0.78251,
        "R@100_ef50": 0.7543,
        "R@1_ef100": 0.9111,
        "R@10_ef100": 0.8786,
        "R@100_ef100": 0.7543,
        "R@1_ef200": 0.9566,
        "R@10_ef200": 0.94094,
        "R@100_ef200": 0.868994
      }
    },
    "alpha_3.0": {
      "alpha": 3.0,
      "build_time": 188.34945011138916,
      "distance_computations": 503000888,
      "skipped_computations": 1814615917,
      "skip_rate": 0.7829663269118382,
      "recalls": {
        "R@1_ef50": 0.9347,
        "R@10_ef50": 0.90701,
        "R@100_ef50": 0.876303,
        "R@1_ef100": 0.9715,
        "R@10_ef100": 0.96276,
        "R@100_ef100": 0.876303,
        "R@1_ef200": 0.9867,
        "R@10_ef200": 0.98761,
        "R@100_ef200": 0.953111
      }
    },
    "alpha_5.0": {
      "alpha": 5.0,
      "build_time": 318.287070274353,
      "distance_computations": 1366896611,
      "skipped_computations": 1174347713,
      "skip_rate": 0.4621152330412446,
      "recalls": {
        "R@1_ef50": 0.9588,
        "R@10_ef50": 0.93871,
        "R@100_ef50": 0.912467,
        "R@1_ef100": 0.9836,
        "R@10_ef100": 0.97964,
        "R@100_ef100": 0.912467,
        "R@1_ef200": 0.991,
        "R@10_ef200": 0.9945,
        "R@100_ef200": 0.972469
      }
    },
    "alpha_8.0": {
      "alpha": 8.0,
      "build_time": 377.98501896858215,
      "distance_computations": 2107000153,
      "skipped_computations": 509330537,
      "skip_rate": 0.19467360870960848,
      "recalls": {
        "R@1_ef50": 0.9616,
        "R@10_ef50": 0.94416,
        "R@100_ef50": 0.919597,
        "R@1_ef100": 0.9844,
        "R@10_ef100": 0.9816,
        "R@100_ef100": 0.919597,
        "R@1_ef200": 0.9914,
        "R@10_ef200": 0.99521,
        "R@100_ef200": 0.975673
      }
    },
    "learned_tree_tau0.5": {
      "threshold": 0.5,
      "build_time": 142.36720204353333,
      "distance_computations": 219555509,
      "skipped_computations": 2316236683,
      "skip_rate": 0.9134173889750663,
      "recalls": {
        "R@1_ef50": 0.8194,
        "R@10_ef50": 0.78158,
        "R@100_ef50": 0.763774,
        "R@1_ef100": 0.8919,
        "R@10_ef100": 0.86627,
        "R@100_ef100": 0.763774,
        "R@1_ef200": 0.9394,
        "R@10_ef200": 0.92728,
        "R@100_ef200": 0.863588
      }
    },
    "learned_tree_tau0.7": {
      "threshold": 0.7,
      "build_time": 201.37396717071533,
      "distance_computations": 581329356,
      "skipped_computations": 2014653771,
      "skip_rate": 0.776065818782188,
      "recalls": {
        "R@1_ef50": 0.9352,
        "R@10_ef50": 0.90964,
        "R@100_ef50": 0.884725,
        "R@1_ef100": 0.968,
        "R@10_ef100": 0.95975,
        "R@100_ef100": 0.884725,
        "R@1_ef200": 0.9837,
        "R@10_ef200": 0.98481,
        "R@100_ef200": 0.952752
      }
    },
    "learned_tree_tau0.8": {
      "threshold": 0.8,
      "build_time": 246.64520812034607,
      "distance_computations": 978213918,
      "skipped_computations": 1661372187,
      "skip_rate": 0.629406323913044,
      "recalls": {
        "R@1_ef50": 0.9485,
        "R@10_ef50": 0.93153,
        "R@100_ef50": 0.907341,
        "R@1_ef100": 0.9789,
        "R@10_ef100": 0.97369,
        "R@100_ef100": 0.907341,
        "R@1_ef200": 0.9892,
        "R@10_ef200": 0.99178,
        "R@100_ef200": 0.967303
      }
    },
    "learned_tree_tau0.9": {
      "threshold": 0.9,
      "build_time": 406.61293292045593,
      "distance_computations": 2709984114,
      "skipped_computations": 0,
      "skip_rate": 0.0,
      "recalls": {
        "R@1_ef50": 0.9619,
        "R@10_ef50": 0.94667,
        "R@100_ef50": 0.923564,
        "R@1_ef100": 0.9852,
        "R@10_ef100": 0.98296,
        "R@100_ef100": 0.923564,
        "R@1_ef200": 0.9918,
        "R@10_ef200": 0.99551,
        "R@100_ef200": 0.977204
      }
    }
  }
}