{
  "deep1m": {
    "dataset": "deep1m",
    "n": 1000000,
    "dim": 96,
    "metric": "cosine",
    "M": 16,
    "ef_construction": 200,
    "waste": {
      "total_evaluations": 2678252059,
      "distance_computations": 2678252059,
      "retained_approx": 32000000,
      "waste_ratio_approx": 0.988051908746801
    },
    "vanilla": {
      "time_1t": 311.2406919002533,
      "time_mt": 136.11740803718567,
      "times_1t": [
        311.2406919002533
      ],
      "times_mt": [
        136.11740803718567
      ],
      "recalls": {
        "recall@1_ef10": 0.7955,
        "recall@10_ef10": 0.70634,
        "recall@100_ef10": 0.915492,
        "recall@1_ef50": 0.9647,
        "recall@10_ef50": 0.93714,
        "recall@100_ef50": 0.915492,
        "recall@1_ef100": 0.9878,
        "recall@10_ef100": 0.97505,
        "recall@100_ef100": 0.915492,
        "recall@1_ef200": 0.9963,
        "recall@10_ef200": 0.99172,
        "recall@100_ef200": 0.968137,
        "recall@1_ef400": 0.9989,
        "recall@10_ef400": 0.99762,
        "recall@100_ef400": 0.989781
      }
    },
    "skip_universal": {
      "0.3": {
        "time": 133.8820881843567,
        "times": [
          133.8820881843567
        ],
        "skip_rate": 0.9137757409466025,
        "distance_computations": 219554971,
        "skipped_computations": 2326769850,
        "speedup_1t": 2.324737357484837,
        "speedup_mt": 1.0166961830603578,
        "recalls": {
          "recall@1_ef10": 0.6112,
          "recall@10_ef10": 0.54312,
          "recall@100_ef10": 0.784568,
          "recall@1_ef50": 0.8465,
          "recall@10_ef50": 0.80107,
          "recall@100_ef50": 0.784568,
          "recall@1_ef100": 0.905,
          "recall@10_ef100": 0.87539,
          "recall@100_ef100": 0.784568,
          "recall@1_ef200": 0.9476,
          "recall@10_ef200": 0.9281,
          "recall@100_ef200": 0.870776,
          "recall@1_ef400": 0.9729,
          "recall@10_ef400": 0.96088,
          "recall@100_ef400": 0.927458
        }
      },
      "0.5": {
        "time": 172.63431811332703,
        "times": [
          172.63431811332703
        ],
        "skip_rate": 0.7691157506014134,
        "distance_computations": 581562364,
        "skipped_computations": 1937285784,
        "speedup_1t": 1.8028900354327992,
        "speedup_mt": 0.7884724747939771,
        "recalls": {
          "recall@1_ef10": 0.7507,
          "recall@10_ef10": 0.6674,
          "recall@100_ef10": 0.883006,
          "recall@1_ef50": 0.9426,
          "recall@10_ef50": 0.9059,
          "recall@100_ef50": 0.883006,
          "recall@1_ef100": 0.9722,
          "recall@10_ef100": 0.95366,
          "recall@100_ef100": 0.883006,
          "recall@1_ef200": 0.9868,
          "recall@10_ef200": 0.97907,
          "recall@100_ef200": 0.944357,
          "recall@1_ef400": 0.9934,
          "recall@10_ef400": 0.99124,
          "recall@100_ef400": 0.975923
        }
      },
      "0.7": {
        "time": 211.54210305213928,
        "times": [
          211.54210305213928
        ],
        "skip_rate": 0.6201925856321376,
        "distance_computations": 978703292,
        "skipped_computations": 1598137641,
        "speedup_1t": 1.4712943069472135,
        "speedup_mt": 0.6434530340451257,
        "recalls": {
          "recall@1_ef10": 0.7775,
          "recall@10_ef10": 0.6916,
          "recall@100_ef10": 0.901178,
          "recall@1_ef50": 0.954,
          "recall@10_ef50": 0.92255,
          "recall@100_ef50": 0.901178,
          "recall@1_ef100": 0.9824,
          "recall@10_ef100": 0.96578,
          "recall@100_ef100": 0.901178,
          "recall@1_ef200": 0.9936,
          "recall@10_ef200": 0.98623,
          "recall@100_ef200": 0.957582,
          "recall@1_ef400": 0.9974,
          "recall@10_ef400": 0.99502,
          "recall@100_ef400": 0.983655
        }
      },
      "0.8": {
        "time": 359.71173882484436,
        "times": [
          359.71173882484436
        ],
        "skip_rate": 0.0,
        "distance_computations": 2678252059,
        "skipped_computations": 0,
        "speedup_1t": 0.865250305472535,
        "speedup_mt": 0.3784069112725447,
        "recalls": {
          "recall@1_ef10": 0.7955,
          "recall@10_ef10": 0.70634,
          "recall@100_ef10": 0.915492,
          "recall@1_ef50": 0.9647,
          "recall@10_ef50": 0.93714,
          "recall@100_ef50": 0.915492,
          "recall@1_ef100": 0.9878,
          "recall@10_ef100": 0.97505,
          "recall@100_ef100": 0.915492,
          "recall@1_ef200": 0.9963,
          "recall@10_ef200": 0.99172,
          "recall@100_ef200": 0.968137,
          "recall@1_ef400": 0.9989,
          "recall@10_ef400": 0.99762,
          "recall@100_ef400": 0.989781
        }
      },
      "0.9": {
        "time": 369.994313955307,
        "times": [
          369.994313955307
        ],
        "skip_rate": 0.0,
        "distance_computations": 2678252059,
        "skipped_computations": 0,
        "speedup_1t": 0.8412039865505858,
        "speedup_mt": 0.3678905402141607,
        "recalls": {
          "recall@1_ef10": 0.7955,
          "recall@10_ef10": 0.70634,
          "recall@100_ef10": 0.915492,
          "recall@1_ef50": 0.9647,
          "recall@10_ef50": 0.93714,
          "recall@100_ef50": 0.915492,
          "recall@1_ef100": 0.9878,
          "recall@10_ef100": 0.97505,
          "recall@100_ef100": 0.915492,
          "recall@1_ef200": 0.9963,
          "recall@10_ef200": 0.99172,
          "recall@100_ef200": 0.968137,
          "recall@1_ef400": 0.9989,
          "recall@10_ef400": 0.99762,
          "recall@100_ef400": 0.989781
        }
      }
    },
    "skip_online": {
      "0.5": {
        "time": 161.36309623718262,
        "times": [
          161.36309623718262
        ],
        "skip_rate": 0.5757831948485792,
        "speedup_1t": 1.9288220117118369,
        "recalls": {
          "recall@1_ef100": 0.9744,
          "recall@10_ef100": 0.95622,
          "recall@100_ef100": 0.886153,
          "recall@1_ef200": 0.9881,
          "recall@10_ef200": 0.98115,
          "recall@100_ef200": 0.947715,
          "recall@1_ef400": 0.9946,
          "recall@10_ef400": 0.99257,
          "recall@100_ef400": 0.978198
        }
      },
      "0.7": {
        "time": 188.44935178756714,
        "times": [
          188.44935178756714
        ],
        "skip_rate": 0.47036587506752614,
        "speedup_1t": 1.6515880205897702,
        "recalls": {
          "recall@1_ef100": 0.9817,
          "recall@10_ef100": 0.9665,
          "recall@100_ef100": 0.902508,
          "recall@1_ef200": 0.9927,
          "recall@10_ef200": 0.98679,
          "recall@100_ef200": 0.958834,
          "recall@1_ef400": 0.9971,
          "recall@10_ef400": 0.99535,
          "recall@100_ef400": 0.984445
        }
      },
      "0.8": {
        "time": 308.1395561695099,
        "times": [
          308.1395561695099
        ],
        "skip_rate": 0.0,
        "speedup_1t": 1.0100640624309767,
        "recalls": {
          "recall@1_ef100": 0.9874,
          "recall@10_ef100": 0.97516,
          "recall@100_ef100": 0.91558,
          "recall@1_ef200": 0.9964,
          "recall@10_ef200": 0.99161,
          "recall@100_ef200": 0.968106,
          "recall@1_ef400": 0.999,
          "recall@10_ef400": 0.9976,
          "recall@100_ef400": 0.989799
        }
      }
    },
    "reduced_ef_c": {
      "50": {
        "time": 89.25282311439514,
        "times": [
          89.25282311439514
        ],
        "speedup_1t": 3.4871803606854743,
        "recalls": {
          "recall@1_ef100": 0.9697,
          "recall@10_ef100": 0.95355,
          "recall@100_ef100": 0.879782,
          "recall@1_ef200": 0.9865,
          "recall@10_ef200": 0.97958,
          "recall@100_ef200": 0.942779,
          "recall@1_ef400": 0.9947,
          "recall@10_ef400": 0.99127,
          "recall@100_ef400": 0.974952
        }
      },