{
  "vanilla_efc200": {
    "time": 401.1254379749298,
    "recall": 0.99551,
    "speedup": 1.0
  },
  "efc100_alone": {
    "time": 222.15989589691162,
    "recall": 0.9931,
    "speedup": 1.8055708765773963
  },
  "lts_tau07_efc200": {
    "time": 217.48575115203857,
    "recall": 0.98481,
    "speedup": 1.8443757158808696,
    "skip_rate": 0.776065818782188
  },
  "stacked_efc100_tau07": {
    "time": 150.69908213615417,
    "recall": 0.98349,
    "speedup": 2.6617643073135606,
    "skip_rate": 0.5730300998565976
  },
  "stacked_efc100_tau08": {
    "time": 198.3013470172882,
    "recall": 0.99006,
    "speedup": 2.022807429240302,
    "skip_rate": 0.3232529117488341
  },
  "stacked_efc100_combined_a5_t08": {
    "time": 180.8674178123474,
    "recall": 0.98874,
    "speedup": 2.2177871660173936,
    "skip_rate": 0.5553912759647629
  }
}