{
  "multithread": {
    "vanilla_1t": {
      "time": 497.20722579956055,
      "recall_10": 0.99551
    },
    "vanilla_2t": {
      "time": 215.78377604484558,
      "recall_10": 0.99559
    },
    "vanilla_4t": {
      "time": 117.23963379859924,
      "recall_10": 0.99568
    },
    "vanilla_8t": {
      "time": 159.56135177612305,
      "recall_10": 0.99553
    },
    "vanilla_10t": {
      "time": 144.19719004631042,
      "recall_10": 0.99563
    },
    "skip_tau0.5_1t": {
      "time": 139.73957204818726,
      "speedup_vs_1t": 3.5580989587409464,
      "skip_rate": 0.9134173889750663,
      "recall_10": 0.92728
    },
    "skip_tau0.5_2t": {
      "time": 120.78844213485718,
      "speedup_vs_1t": 4.116347698602168,
      "skip_rate": 0.9134442243062199,
      "recall_10": 0.92624
    },
    "skip_tau0.5_4t": {
      "time": 106.50251603126526,
      "speedup_vs_1t": 4.668502156827906,
      "skip_rate": 0.9133860329999995,
      "recall_10": 0.9257
    },
    "skip_tau0.5_8t": {
      "time": 181.89775109291077,
      "speedup_vs_1t": 2.733443502254155,
      "skip_rate": 0.9133755701414086,
      "recall_10": 0.92664
    },
    "skip_tau0.5_10t": {
      "time": 169.8381187915802,
      "speedup_vs_1t": 2.9275361110759652,
      "skip_rate": 0.9134265435155683,
      "recall_10": 0.92637
    },
    "skip_tau0.7_1t": {
      "time": 208.98564410209656,
      "speedup_vs_1t": 2.3791453615668354,
      "skip_rate": 0.776065818782188,
      "recall_10": 0.98481
    },
    "skip_tau0.7_2t": {
      "time": 143.26074504852295,
      "speedup_vs_1t": 3.4706452603688094,
      "skip_rate": 0.7760951064218812,
      "recall_10": 0.98502
    },
    "skip_tau0.7_4t": {
      "time": 117.32357621192932,
      "speedup_vs_1t": 4.2379139969397315,
      "skip_rate": 0.776047036287749,
      "recall_10": 0.98501
    },
    "skip_tau0.7_8t": {
      "time": 179.90157914161682,
      "speedup_vs_1t": 2.7637735486922197,
      "skip_rate": 0.7761037894345483,
      "recall_10": 0.98512
    },
    "skip_tau0.7_10t": {
      "time": 197.4988191127777,
      "speedup_vs_1t": 2.5175199934519124,
      "skip_rate": 0.7761605714260182,
      "recall_10": 0.98538
    },
    "skip_tau0.8_1t": {
      "time": 252.47631001472473,
      "speedup_vs_1t": 1.969322293131434,
      "skip_rate": 0.629406323913044,
      "recall_10": 0.99178
    },
    "skip_tau0.8_2t": {
      "time": 161.15631794929504,
      "speedup_vs_1t": 3.0852481126802482,
      "skip_rate": 0.6293827950342432,
      "recall_10": 0.99177
    },
    "skip_tau0.8_4t": {
      "time": 131.11456322669983,
      "speedup_vs_1t": 3.7921586554796267,
      "skip_rate": 0.6294040460427442,
      "recall_10": 0.99165
    },
    "skip_tau0.8_8t": {
      "time": 189.6739318370819,
      "speedup_vs_1t": 2.6213788103819695,
      "skip_rate": 0.6294350875055247,
      "recall_10": 0.99205
    },
    "skip_tau0.8_10t": {
      "time": 187.08949995040894,
      "speedup_vs_1t": 2.6575902224943317,
      "skip_rate": 0.6294639867991747,
      "recall_10": 0.99199
    }
  }
}